,gbar_Im,gbar_Ih,gbar_NaTs,gbar_Nap,gbar_K_P,gbar_K_T,gbar_SK,gbar_Kv3_1,gbar_Ca_HVA,gbar_Ca_LVA,gamma_CaDynamics,decay_CaDynamics,soma_g_pas,axon_g_pas,dend_g_pas,apic_g_pas,gbar_NaV,gbar_Kd,gbar_Kv2like,gbar_Im_v2
False,0.0011501468627131038,0.0011315036594818583,1.7718208416481065,0.0008032138687243097,0.0258802290794379,0.006124696897844885,0.05393516124219089,0.29339954106846566,0.00046529859163177585,0.005833997433877554,0.006807066189391923,580.3918872361859,0.00038468755420809504,0.0004058007961553717,4.178752473524566e-05,3.460246215900026e-05,0.15413896089851625,0.002638066581192634,0.04625829334354047,0.001073016182020912
Sst-IRES-Cre__L5__inh,0.003667120196885173,0.0007823846017461045,0.179579815430923,0.0025054371417893113,0.0002573837373307837,0.01735244505389853,0.0019487705513665065,0.5152661461738804,0.0004061996276651721,0.004977442731171221,0.016466398500115446,589.8060323767315,0.00029939520427817184,0.00029342616978121774,3.63370535209696e-05,,0.06787021565179467,0.0004420278367818567,0.036184446858621856,0.003957837804647013
Scnn1a-Tg2-Cre__L5__exc,0.0020855590469877816,2.7118926404814842e-06,0.7928382707449015,0.00016091144523233856,0.002805286410990532,4.140271186244865e-05,0.0003204150457848351,0.195919473315872,8.794432341936812e-05,0.0028802078202724425,0.016222679724617516,541.6558269147899,0.00013996004939993413,0.00015680703223249122,5.823847432798085e-06,0.00015821002948212317,,,,
Rbp4-Cre_KL100__L5__exc,0.0005337662464718619,0.0028947145873408353,0.5444057391699549,0.000444062068102532,0.01809966944732803,0.03359072587050783,0.027596077134987525,0.12429393256523771,0.0002973421478122037,0.005176534330529512,0.010327427964591851,534.3951113715938,0.0003007504356919228,0.00040313032691231745,0.00010720199504024506,0.00016424037056666003,0.3180273625253072,0.004417845701861006,0.020413014513055328,0.009973798807306127
Rorb-IRES2-Cre__L4__exc,0.0006503370175318681,0.0023511225467461507,0.8681305820767904,0.00039486597790075847,0.024310806132369574,0.0057634845806102,0.03074652091509543,0.16165059478465435,0.000516295697662231,0.0027869589529050626,0.0026520751344671625,688.3966664183712,0.0002957879801053007,0.0003443615718420953,9.637341449309396e-05,9.277747609538226e-05,0.2651787218080917,0.0001697097445577486,0.04897529596137687,0.003379745556318033
Rorb-IRES2-Cre__L5__exc,0.001268233974824297,0.0011850709722179443,0.9503353876981602,0.00048511339289158034,0.012017671516635763,0.006914745757186559,0.11395024831416761,0.21406827912358853,0.0005193590854618461,0.002010987355694837,0.004679888310119147,519.6448738830662,0.00028406120861228375,0.0003956244986593699,0.00012428893910701274,0.00010690220674772231,0.23662939835614058,9.866088018118073e-06,0.040901634349407516,0.006058185959139816
Pvalb-IRES-Cre__L5__exc,0.011123285479678427,0.0002785623199811474,0.5337008654094436,0.0013728497693198062,0.0001750737792792778,1.7648240888124e-07,0.00012684673693025416,0.3449768229749843,0.000247612705994981,0.009997097769214524,0.010170508727598029,969.6638127770574,0.0008607453410622392,0.0009025724851944797,2.888286035523468e-06,4.4469847329206715e-06,,,,
Scnn1a-Tg3-Cre__L4__exc,0.0007409509318506276,0.0008317588835398496,1.289620199349935,0.00040422101429340095,0.042359397049112145,0.015906238308940335,0.009372560418279916,0.1829392893385339,0.0005916004878861721,0.0047943150381128995,0.003968856961862527,623.6041660946657,0.0003424224426504197,0.000454121472617209,5.49523139313971e-05,0.00016313876635200687,0.3861633048321854,0.0017863017279937067,1.4409255490793265e-05,0.015946303320459158
Sst-IRES-Cre__L4__inh,,3.361841126085785e-06,,,,3.932783346283567e-07,0.0043472246914006895,1.1081323613658394,0.0009832329467932485,9.255704341674942e-10,0.03841023759825348,71.6259347043354,0.00020789643554240084,0.00016431423876811396,1.0001613056143422e-07,,0.02687615924790428,8.914004638819276e-11,0.11990655866204958,0.0003385602610360292
Nr5a1-Cre__L4__exc,0.0016017382361896654,0.00020145140798572423,0.5077996366552143,0.000877061231380888,0.04536617285579488,0.01040859427932935,0.01750459520306608,0.12618227941410484,0.00048030841058360844,0.004071604920975814,0.0043916894949817065,668.4052895409725,0.000183262504258444,0.0006606964141985874,4.886277234003992e-05,4.845006006928817e-05,0.13700745505751039,0.0012700046461122624,0.037326361209041516,0.006659116134159304
Htr3a-Cre_NO152__L1__inh,,2.6424965762772425e-08,,,,2.987296005896312e-06,3.398848043290048e-13,0.04580350556179515,1.819265062256159e-07,0.004463811116814547,0.001664973814380647,799.1923570663125,0.0007565490787887277,0.0005456844010576595,0.0009144133525749166,,0.06062467009418108,1.1552615378218613e-07,3.4832887024216493e-06,0.002277315412423253
Pvalb-IRES-Cre__L4__inh,,0.0013454803489209046,,,,0.04826385583416082,0.019853768911782557,1.1212459226154838,0.0003980945352760466,0.002339571788321427,0.009650023129978584,208.96757649938277,0.0002587489042714719,7.901302571049539e-05,6.338483988876474e-05,,0.06869453713985198,0.00017819117065524554,0.03315579453917829,0.003097662531359803
Rbp4-Cre_KL100__L4__exc,0.009215765253475713,0.0001660370905936089,0.7846561336425013,0.001693505739934232,0.019061372804030124,0.0008261096000234551,0.03374687817594399,0.1906759220690016,0.0006130620406254002,0.007279007531973657,0.009552942549998363,478.51779455845343,0.0006374927296901364,0.0003994281466485362,1.6854081898138182e-05,0.00021914509472554196,,,,
Cux2-CreERT2__L4__exc,0.001720215768385691,0.0001266273774156856,1.2703806083746343,0.00042225434299515376,0.023582504960105066,0.005430911285428687,0.00782091406243607,0.13268238027882756,0.00027047051795876657,0.0026087165127260674,0.010187243244259419,674.4548610638858,0.000474662415205219,0.0003714942603496499,7.156874140284881e-05,6.647228945405202e-05,0.3454666405050197,0.013228923614110908,2.128697396767184e-06,0.009900756980442715
Pvalb-IRES-Cre__L2/3__inh,,0.0003826630666065843,,,,0.08797051969881978,0.014407632882386945,0.6933117129540817,0.00036363961064419213,0.007190846045829237,0.016836121612418244,210.8222667234583,0.00037487106862798446,0.0006095664367756958,1.6102611492216996e-05,,0.054621564823201574,1.0666818870223262e-06,0.07686601273333668,0.0028771005918710323
Htr3a-Cre_NO152__L5__inh,0.009812019912446436,0.00018532701294470054,0.6705282223106995,6.045609537430607e-08,0.0027305125012029308,0.03955526602351368,0.0006433537703473112,0.6386037876519687,0.000618581091425536,0.0033958341855034623,0.018486883897347355,777.7843613193463,0.000278400432285248,0.00019456624396635793,1.8676274243754227e-05,,0.07613491152835468,8.568232027812869e-06,0.01674844972414942,0.0064071137708877415
Pvalb-IRES-Cre__L6__inh,,0.0006378304875530885,,,,0.04390856765579856,5.2312907915248384e-05,1.2507790005131003,0.0005923494453624512,0.008152837463672211,0.013223974123011812,533.3874175901655,0.00018374706336873458,0.0002576433322527859,1.1311279646537561e-07,,0.09583527357177223,0.0008221329885868382,0.011585590752975588,0.0015766556622936034
Pvalb-IRES-Cre__L5__inh,,0.0004812231580076848,,,,0.03125011421627187,0.02428651832776514,1.2667717946758559,0.0005746665747109557,0.004233757903965889,0.014759628290004715,394.6001368416995,0.00020322013291340472,0.00045609236317567883,6.273015693858756e-05,,0.054170414800811674,7.419429775838344e-05,0.09807557347654416,0.002606448466970811
Ntsr1-Cre_GN220__L6__exc,0.0007340987535665933,0.000135848140030469,0.7683000284163364,0.0001020900170912296,0.03485229373033462,0.010717810157717255,0.04439374517998908,0.14960081771511397,0.0005677767469627533,0.003237572030718277,0.0007617445155652168,515.2381478090429,0.000587915468259596,0.0003426921263203481,3.733652319250292e-05,1.998936394599915e-05,,,,
Sst-IRES-Cre__L2/3__inh,,0.0013609330956307886,,,,0.02798489515225032,0.0021557500409750273,0.2617966095664396,0.0005813017604017367,0.004236234098769972,0.01523939312541276,366.65289083151873,0.0004972206620083129,0.0006749104903715102,0.00014404548411203354,,0.06612631566907677,4.5721632723235753e-07,0.04120451313082693,0.0016115557828922302
Scnn1a-Tg2-Cre__L5__inh,,0.0001551910270540523,,,,0.06601431441347455,0.023199853267200508,1.9426609764707636,0.0002691298706705464,0.00947602183348005,0.00279342626886452,361.538497070793,3.5495780293630314e-07,0.0002643244968406309,1.0659846706700017e-06,,0.06867253402520951,5.385933231661791e-09,0.08462902315049539,6.1981883540323746e-06
Scnn1a-Tg2-Cre__L4__exc,0.004153764784106535,0.0011612612686543902,0.5163431493430951,0.0005759648657632726,0.043657164321637694,0.009921018087085226,0.07787615402200404,0.11857144286778049,0.0006900104851509763,0.0031656925768264966,0.00413550595308476,635.2326773540502,0.0002078077998364052,0.0003196863953804722,4.285649245531815e-05,0.0002594465364398949,0.3710621046701956,2.5399113576241028e-08,3.92187830063756e-05,0.01099683827263185
Htr3a-Cre_NO152__L2/3__inh,0.0010800252908518802,0.0007628850147508504,0.45206865923856615,0.0015643264757692842,0.060173579328554654,0.027881231506788316,0.06735612216108684,0.235401949264024,0.00036217986961422423,0.0020585898095056396,0.013283530779214906,327.15260885425164,0.00032734517722822097,0.0005779021943581883,0.00016582847813359478,,0.0527165011055879,2.1794814392656494e-05,0.030078677921870467,0.00256603394484057
Scnn1a-Tg3-Cre__L5__exc,0.00017031441721955838,0.00014534947644926282,0.555100277037506,0.001391665913531304,0.08451693847807684,0.012136874446391005,0.07676736248898745,0.17893234367342037,0.00012412513654077835,0.004472913330811321,0.004814193933500699,644.6181368357588,0.0003985990726314535,0.00042129586275291037,1.62726052006875e-05,0.0002805754866673471,0.1797230411877216,2.617609624649964e-05,0.00020549047656814867,0.008323207207022749
Htr3a-Cre_NO152__L6__exc,0.0033831978607412397,0.0006793626865748116,0.4775610030110376,0.00019884221313326567,9.098079067904052e-09,8.187409386971051e-08,0.001801772887893584,0.3605597452034566,9.035676469276726e-05,0.0016698059966334738,0.006457020008995684,477.53128271043886,0.00029758759401981504,4.585195112978317e-06,1.1104258099230587e-07,9.360292283046481e-07,,,,
Cux2-CreERT2__L2/3__exc,0.0002836840689563063,4.314651014112247e-08,0.6838817113482546,1.04318930264212e-06,0.03605217478073147,1.4388693124094332e-09,0.0009437495816197668,0.07834341196986133,5.0646472578986797e-05,0.0019267653289255387,0.005385368415172307,902.5077593614816,4.203814134980565e-06,0.00034099075974513415,1.0036145647763225e-07,6.416457085081553e-05,,,,
Rorb-IRES2-Cre__L6__exc,,9.253230657635392e-05,,,,0.00020243180377690903,0.013736518214821802,0.004208101597882229,0.0002093374502151193,1.657370737747521e-05,0.0017620150302349656,970.6044761612634,6.471106970479399e-05,0.0008157840996815405,9.466283567466588e-05,5.843488503922544e-06,0.12461702478064113,0.008399455073637116,0.05576670512712936,0.003216446723208481
Sst-IRES-Cre__L6__inh,,0.0006015511898294845,,,,0.04935652490229299,0.0008520886983667619,0.6618929837181058,0.0005783898303048909,0.003076811445846684,0.019436026781609727,615.4820990524172,5.827169584490799e-05,0.0005088639153492361,8.793825429380509e-05,,0.09511270426273073,3.608968449744211e-07,0.023573202071903526,0.0023839189457393033
Nr5a1-Cre__L2/3__exc,0.0030147111640120997,0.0005592213996404465,0.5956017014366334,0.0008325465557155778,0.021845242983615017,0.0005239451954521062,0.0747400177028271,0.17584873171582413,0.0005410179509894688,0.005888173636709822,0.012205764823271171,719.360757263076,0.00036898804635074036,0.00029154449811882096,1.3574274563688485e-05,0.0002501471101179684,,,,
Scnn1a-Tg3-Cre__L6__inh,,0.00014746319387872332,,,,9.175187020739328e-10,4.2533387757118746e-05,0.21802983819469385,0.00028605999667622947,0.0015130265988120973,0.006732169550936753,959.7077644300592,0.0006004190219820483,0.0008821300094454223,1.4522755302669284e-07,,0.095449524978063,7.15217658237488e-08,0.06748487307324674,0.0022481438424267358
Rbp4-Cre_KL100__L6__exc,0.09847996700056892,0.0012306089717704688,0.1423768156856782,0.034650998396227296,0.4283617181798157,5.4607318372507097e-05,0.4328241547632865,0.006355132284919685,0.0009657557400615293,0.002736564834270707,8.873737486598117e-05,218.88224396792785,0.00019035459220797217,0.00027595153257247183,0.0005374389400986753,0.0009918822236123716,,,,
Cux2-CreERT2__L5__exc,0.0009016032001012695,8.386368556919284e-05,0.4174150415592031,0.0008231144202263827,0.041363504363298664,0.0024803642341274697,0.03207819001628942,0.3435008523802995,0.0008946523997418334,0.0076925281318999126,0.00010303896682063778,748.1674349084126,0.0005259503496457329,0.0005094171677075829,2.9638376672297563e-05,3.306171760926708e-06,,,,
Sst-IRES-Cre__L4__exc,0.0002074822054283401,0.0002470260442802297,0.8273468670576869,1.1124013300857496e-05,0.07008226698587472,7.709647164810921e-07,0.0066163943990456,0.15736708134192368,0.0009986866629077137,5.128635343097876e-05,0.00017269320167078562,942.0690163406365,0.000257259969167022,0.00016493710293689448,1.1673149545411846e-05,1.3608576100916857e-06,,,,
Rorb-IRES2-Cre__L2/3__inh,,0.0013672757624725847,,,,0.22256200801735607,4.3340833406554924e-08,0.4459837255490859,0.00024275692471156308,6.173013791575949e-06,0.0494718251016303,532.9871467187212,9.488863523270668e-06,0.0007254677006773519,0.00010425788411593991,,0.15223735691080678,0.0013246383359209026,0.11859790352691695,0.0008580824386834996
Rorb-IRES2-Cre__L6__inh,,0.0003725000153901232,,,,0.02011411136113013,7.118127933608554e-06,2.8165515500017086,0.00046280693517231184,0.009354369913847959,0.002396217230549005,57.67032769762028,3.111622263261472e-05,0.0002653256603872705,3.1066382342947466e-07,,0.03099474479583517,3.492675198084783e-05,0.036404833512077635,4.7278382499932336e-08
Ntsr1-Cre_GN220__L6__inh,,5.4346227398996766e-05,,,,0.003498064477212197,0.006542143821336382,0.9155387030874745,0.0004483697580184934,0.006307731807217329,0.014643933846050889,556.0932257420317,0.000254796487225316,0.0004411989118208423,0.00021055407396297754,,0.05933535439052499,3.2376517340796782e-06,0.04846155290199107,0.002161564672930608
Gad2-IRES-Cre__L5__inh,,0.00048797274600827304,,,,0.03201234155516572,0.00012531786396920502,1.8184063390993501,0.0004795988988735642,0.007290050863414839,0.008271019532088067,313.2678292845286,0.00021320473222625772,7.41764130958898e-05,1.941620303017367e-06,,0.09943247517735587,1.9580776381997234e-08,0.23463568646126742,0.008393491759467945
Htr3a-Cre_NO152__L4__inh,,0.0007483146089529598,,,,6.209995747540423e-07,0.02123536247580915,0.14292671428791784,0.0002946787515310206,0.0032854032146529648,0.0001916236273002056,533.545740625707,0.0007969410785381972,0.000590052348570286,3.549249628963937e-07,,0.05610174200737299,0.00017519914026510974,3.9813942512016e-05,0.0025519715891636685
Slc17a6-IRES-Cre__L4__exc,0.03383328511616331,6.912269742216992e-10,0.2620345002733719,0.004908767398339394,2.0786383788162773e-05,7.437049551220444e-07,0.00018439953766610204,0.027914709199219984,0.000973218205279643,0.007329381976348749,0.0338064977873456,35.692408316207036,8.842176052008328e-05,4.057119055921065e-05,2.296935733371038e-07,0.0003827331528675018,,,,
Rorb-IRES2-Cre__L5__inh,,0.002331609636728794,,,,0.04310273925658081,4.300744428531395e-09,0.24026194798394904,0.0003695713459252134,0.009999895113219262,0.02094955944730134,294.96356476974836,0.0006125773666394463,0.00024503674862760806,1.0598745306836057e-07,,0.11951566353075595,5.150025181270799e-10,0.0002127925449143973,0.005868073783853545
Scnn1a-Tg2-Cre__L4__inh,,0.001239026305883606,,,,0.05536300367876575,0.0002008805818254564,0.3478375782971943,0.00039861246740584787,0.007894539035848221,0.0029170122298803397,775.4379525543789,3.216280379170621e-05,4.730759565190382e-05,2.503037789209513e-05,,0.10597202812031456,4.889918557182682e-06,0.010512441772178029,0.008824181258313446
Slc17a6-IRES-Cre__L2/3__exc,0.004179794281942778,7.540258239700782e-08,0.9059256070975557,0.00019734556033734253,0.0066406683936589,1.1050080021138404e-08,0.0004240205153814405,0.05288740186212903,0.0006555146610862845,0.0013492749633595858,0.0018866606246250226,297.8866877512773,4.869645973777635e-07,0.00044635965239176806,1.334422410982443e-07,1.0248248687339896e-07,,,,
Nr5a1-Cre__L4__inh,,0.0002161127479458477,,,,0.014336124309092178,0.0008189897657625528,1.423795906495357,0.00012328998949459155,0.002779582617413393,0.014723437222754881,35.82543235743788,1.001158037661246e-07,0.0009713781379483168,1.0000000963737542e-07,,0.05215414123437642,1.4234679327037642e-10,0.0376890995177277,0.0009004960488074145
